flatsome, Flatsome - Multi-Purpose Responsive WooCommerce Theme, https://themeforest.net/item/flatsome-multipurpose-responsive-woocommerce-theme/5484319
astra, Astra - The Most Popular Theme of All Time, https://wpastra.com/
twentytwentyfour, WordPress 2024 Theme, https://wordpress.org/themes/twentytwentyfour/
woodmart, WoodMart - WordPress WooCommerce Theme, https://woodmart.xtemos.com/
hello-elementor, Hello Elementor, https://wordpress.org/themes/hello-elementor/
divi, Divi Theme, https://www.elegantthemes.com/gallery/divi/
avada, Avada Website Builder, https://avada.com/
generatepress, GeneratePress, https://generatepress.com/
betheme, BeTheme, https://www.betheme.com/
hostiko, Hostiko WordPress WHMCS Hosting Theme, https://hostiko.com/
oceanwp, OceanWP, https://oceanwp.org/
enfold, Enfold Theme, https://kriesi.at/
