"unified layer","Unified Layers / Newfold","https://www.unifiedlayers.com/"
"cloudflare inc", "Cloudflare", "https://www.cloudflare.com/"
"hetzner online gmbh", "Hetzner Online", "https://www.hetzner.com/"
"network solutions llc", "Network Solutions / Newfold", "https://www.networksolutions.com/"
"a2 hosting inc", "A2 Hosting", "https://www.a2hosting.com/"
"website welcome", "Website Welcome / Newfold", "https://www.websitewelcome.com/"
"websitewelcome com", "Website Welcome / Newfold", "https://www.websitewelcome.com/"
"inmotion hosting inc", "InMotion Hosting", "https://www.inmotionhosting.com/"
"liquid web l l c", "Liquid Web", "https://www.liquidweb.com/"
"contabo gmbh", "Contabo", "https://contabo.com/"
"incapsula inc", "Incapsula (part of imperva)", "https://www.imperva.com/incapsula-moved/"
"hostopia australia web pty ltd", "Hostopia / Newfold", "https://www.hostopia.com/"
"hostinger international limited", "Hostinger", "https://www.hostinger.de/"
"amazon com inc", "Amazon Hosting", "https://aws.amazon.com"
"amazon technologies inc", "Amazon Technologies", "https://aws.amazon.com"
"ovh sas", "OVHcloud", "https://www.ovhcloud.com/de/"
pdr, "PDRegister", http://www.pdregister.com
"hgindia", "HostGator India", "https://www.hostgator.in/"
"cloudflare london llc", "Cloudflare (London)", "https://www.cloudflare.com/"
"trellian", "Trellian", "https://www.trellian.com/"
"fastly inc", "Fastly", "https://www.fastly.com/"
"microsoft corporation", "Microsoft Azure", "https://azure.microsoft.com/"
"google llc", "Google Cloud", "https://cloud.google.com/"
"ionos se", "IONOS", "https://www.ionos.de/"
"host europe gmbh", "Host Europe", "https://www.hosteurope.de/"
"neue medien muennich", "ALL-INKL.COM", "https://all-inkl.com/"
"kues data gmbh", "KÜS DATA", "https://www.kues-data.de/"
"strato ag", "Strato", "https://www.str"
"robert meyer trading as "mittwald cm service gmbh & co kg", "Mittwald", https://www.mittwald.de/
"kraemer it via vsenet", "Krämer IT", "https://www.kraemer-it.de/"
akamai technologies inc, "Akamai", https://www.akamai.com/
amazon com, "Amazon Hosting", "https://aws.amazon.com"
